ID,打卡天数,学习时长,学习词数
刘奶奶找刘奶奶买牛奶,2天,75分钟,61词
李东赫赫有名,2天,22分钟,97词
鲫鱼饼大王,2天,26分钟,33词
WayV的词典,1天,16分钟,120词
得能勇志妹妹,1天,10分钟,140词
正在背单词,1天,51分钟,87词
福井二传手,1天,17分钟,42词
金道英语——满分,1天,16分钟,41词
Saku妈咪~,7天,507分钟,1141词
勇志努力学英语,7天,207分钟,612词
吃一口悠悠诗,7天,203分钟,320词
From. Yuta,6天,67分钟,230词
Na,6天,225分钟,134词
志晟熟,6天,92分钟,459词
我早就看好你了,6天,108分钟,209词
撒撒悠悠芝士球,6天,132分钟,666词
jisungsion,59天,7166分钟,9520词
1,58天,1162分钟,6102词
uuu酱酱酱,58天,1938分钟,3637词
电脑椅子,58天,1161分钟,2027词
罗渽民一直背,56天,772分钟,1618词
咚咚又渽学英语,55天,1302分钟,3599词
心想事辰志,54天,2062分钟,3408词
藤永咲哉奶奶,54天,1100分钟,5243词
eliza,53天,2170分钟,7938词
徐引号的大扔子,53天,1866分钟,11765词
悠悠诗,52天,3856分钟,7283词
这里wifi真的不好,52天,1529分钟,5240词
郑在背单词,52天,575分钟,1690词
后天海,51天,615分钟,3090词
seok,50天,817分钟,3275词
李泰容易赢,49天,722分钟,2953词
朴志晟,48天,2895分钟,15384词
温温雯雯兔的心,47天,1999分钟,2154词
今天也学习了耶,46天,846分钟,1235词
ㅇㅅㅇ,45天,1671分钟,9418词
老降复婚吧！,45天,1533分钟,4615词
ohmygot,43天,813分钟,1192词
刘扬扬眉吐气,40天,545分钟,4354词
西山裕贵,37天,1426分钟,8664词
🥒亨,37天,1444分钟,4335词
温温牧场,34天,1516分钟,5151词
叠叠乐果冻,33天,1510分钟,2332词
得能小志,32天,520分钟,1647词
朴志晟,32天,1026分钟,5773词
the__and.y,30天,782分钟,595词
辰志的妈妈,27天,1268分钟,2208词
吴是温你很牛坤,26天,1523分钟,3305词
khchenle,25天,796分钟,1869词
nahceah,25天,397分钟,1109词
幸运就现溅,25天,787分钟,1034词
朴过志晟,23天,383分钟,1280词
NCT—苏新皓,20天,453分钟,1663词
陸取通知书,19天,827分钟,1349词
吴是温的兵,18天,525分钟,1702词
娜娜酱,17天,1082分钟,3586词
🐬,16天,3137分钟,1775词
罗渽民李帝努力学,15天,210分钟,430词
辰志的哦莫尼,15天,593分钟,2410词
imyuu_taaa,12天,841分钟,470词
三巡让我抢到票,12天,481分钟,461词
贝拉爸比,12天,193分钟,577词
李永钦钦我,11天,663分钟,829词
kaku,10天,147分钟,546词
我夫成灿,10天,217分钟,585词
立马磕悠昀,10天,290分钟,515词
钱锟大挪移,10天,163分钟,448词
前田录取我,9天,421分钟,1479词
容易背单词,9天,278分钟,790词
Jeno_O,8天,193分钟,922词
dudurudu,8天,216分钟,376词
里库,8天,102分钟,430词
Jenodog,5天,265分钟,1375词
藤永小面包🥐,5天,71分钟,170词
能勇学英语,4天,83分钟,120词
金栽树,4天,64分钟,151词
吴是温暖的床,3天,92分钟,127词
娜俊之女,3天,47分钟,72词
得能勇志的地下女友,3天,64分钟,130词
爱背单词,3天,70分钟,88词
Tonoiig,60天,1994分钟,3194词
哥哥是温,60天,1726分钟,3142词
帝努力学,60天,1460分钟,6727词
植孝女,60天,1607分钟,2692词
淡奶油猪你学了吗,60天,4359分钟,18124词
溦背单词,60天,1984分钟,12208词
跪下求自己别学了,60天,924分钟,3021词
辰志之女,60天,1912分钟,4947词
吴是温要钟辰乐QQ不,0天,0分钟,0词
悠悠朝朝,0天,0分钟,0词
是好好学习的雯雯呀,0天,0分钟,0词
绿豆汤,0天,36分钟,194词
🦍🦍,14天,325分钟,1174词
ddd,12天,233分钟,709词
evanesce,12天,467分钟,3352词
yuuniverse,12天,320分钟,1090词
得能志勇,12天,208分钟,1017词
云朵萨摩耶,11天,230分钟,529词
吴是温故而知新,11天,151分钟,671词
M.Tyoen,9天,732分钟,361词
金道英语单词打卡,1天,28分钟,58词
Kkknayuta,0天,0分钟,0词
RJ划鸟一,0天,8分钟,21词
ohoho5,0天,0分钟,0词
osoZzᴢᶻ,0天,5分钟,1词
ㅇㅇㅅ,0天,0分钟,0词
前田脚脚,0天,0分钟,0词
勇志英格兰人格上线,0天,31分钟,6词
Maeda Riku,60天,4866分钟,16211词
不要渽忘记背单词,60天,2458分钟,7569词
人各有志,60天,2988分钟,12227词
努力去看梦秀,60天,3044分钟,10790词
吾试稳,60天,3287分钟,15753词
大崎将单词,60天,2558分钟,18407词
船上小酌,60天,1327分钟,1941词
新文化技术学院在读生,59天,956分钟,3308词
送赢硕,59天,2491分钟,12668词
前田陆riku,59天,3134分钟,10860词
威神么要背单词,59天,1010分钟,5271词
栗子鼠鼠,59天,1250分钟,7072词
吴是温吾试稳,58天,2417分钟,7976词
小陸得志,58天,3437分钟,22697词
单词劫命2,57天,979分钟,9703词
和李帝努一样做研究生,56天,5667分钟,10830词
纸想背单词,56天,2976分钟,15608词
得能勇志爱英语,54天,2566分钟,10486词
记单词泰容易,54天,4016分钟,5602词
金廷祐在背单词,54天,3469分钟,13182词
李帝努力忧郁,51天,2864分钟,13567词
鲫鱼饼大王,51天,2886分钟,8244词
127回归大发！,49天,6950分钟,6801词
仁俊老公,49天,3650分钟,5247词
U咪,48天,4412分钟,10825词
吴是温开水,48天,731分钟,3420词
CC❤️,47天,881分钟,1072词
kjw天下第一萌狗,45天,2584分钟,16611词
seasalt,45天,2012分钟,9441词
朴志晟不晟,45天,626分钟,2774词
Salt,44天,1761分钟,10714词
let's win²,44天,1431分钟,4931词
lzm,43天,1359分钟,19028词
郑在背单词,43天,1791分钟,6649词
爱吃鲫鱼饼,41天,1810分钟,5588词
浅甜露,38天,3416分钟,5202词
前田陆,36天,9983分钟,3773词
疼用小崽吃想象竞合饭,36天,1180分钟,5697词
不要压力一只鼠,34天,686分钟,1106词
全南大公,25天,576分钟,2064词
🐱🦊🐇,25天,922分钟,2565词
而我却爱着两只老鼠,24天,1055分钟,914词
riyu最萌猫猫恋,23天,792分钟,831词
sugariing,23天,939分钟,6069词
也泰容易了,22天,1070分钟,3607词
年糕条子,22天,372分钟,521词
周叁要见面吗,21天,315分钟,1459词
神奈川辽理陸王,14天,421分钟,475词
得能小猫,33天,1431分钟,10700词
栽想陆辽,32天,1772分钟,2900词
锌溦背单词,32天,895分钟,1542词
妈挨打立库的脚脚,31天,1597分钟,6938词
Vicky,30天,652分钟,834词
🐰🦊,25天,922分钟,2565词
ㅇㅇㅅ,24天,975分钟,4693词
🐰,23天,1990分钟,3053词
得能勇志老母,9天,987分钟,657词
馒头收集家,9天,471分钟,664词
威威威,8天,282分钟,773词
饭团🍙也要背单词,8天,1089分钟,334词
Jisung,5天,128分钟,441词
朴志晟的亲故,5天,186分钟,604词
uuu酱,4天,195分钟,241词
栽这背单词陆,4天,114分钟,381词
威什么人要上班,3天,51分钟,70词
阿尼啃得,3天,122分钟,165词
除了meada都不行,3天,124分钟,90词
nana_yuuu,2天,46分钟,80词
AAA木浦牛嫂,2天,28分钟,180词
UUU,2天,43分钟,98词
命中注定太绒哥,2天,34分钟,190词
薄荷味的猫,2天,196分钟,152词
NN,1天,76分钟,42词
不爱吃拉面,1天,13分钟,95词
兔子洞,1天,51分钟,94词
划橙也要背单词,1天,18分钟,20词
吃一口饺志,1天,53分钟,39词
打卡计划,1天,10分钟,15词
RIIZE_李永钦,0天,5分钟,16词
Ulaan,0天,20分钟,2词
Wanna,0天,1分钟,0词
wyy,0天,0分钟,0词
よる,0天,6分钟,3词
ㅇㅇㅅ,0天,0分钟,0词
中本悠老婆1026,0天,0分钟,0词
划过专八,0天,0分钟,0词
前田陆上游泳,0天,9分钟,10词
吾试稳,0天,4分钟,13词
得能优优,0天,11分钟,4词
我不是卖书的,0天,11分钟,10词
朝公被我解散了,0天,13分钟,50词
李泰容易背过,0天,1分钟,5词
渽背一个单词,0天,5分钟,4词
粗眉狗,0天,67分钟,10词
绝世矿工罗渽民,0天,0分钟,0词
萨摩耶饲养员,0天,10分钟,26词
藤永那个小崽,0天,1分钟,0词
诣言rainy,0天,8分钟,33词
诶嘿!不错嘛～,0天,0分钟,0词
单词劫命1,59天,2276分钟,15954词
鲫鱼饼和小豆芽,59天,793分钟,3856词
单词劫命2,57天,979分钟,9703词
肖俊是我妈,56天,823分钟,2121词
0199,53天,1621分钟,5649词
得能勇志取生辰纲,53天,954分钟,1078词
我疯狂地硕单词,53天,3050分钟,3647词
77,52天,2301分钟,6043词
栽棵是温树,41天,791分钟,1136词
划人劝学,39天,908分钟,2779词
得能勇志背单词,39天,522分钟,1858词
ushi,38天,1018分钟,7258词
手抓饼皮脆才好吃😋,38天,1711分钟,2916词
李帝努力学习,36天,771分钟,4691词
前路赴栗,35天,477分钟,1174词
朴志晟的四级我包了,34天,619分钟,1760词
Q萍,51天,1158分钟,4962词
Daisy,50天,1110分钟,2104词
正在学兔语,49天,2011分钟,3080词
喵喵志,47天,1277分钟,8275词
JNJM我爸妈,46天,3476分钟,9030词
我帝勇志,46天,1980分钟,1035词
吃不吃馒牛饭🍚,41天,2685分钟,7693词
将太郎女友,41天,3154分钟,1773词
eirlys,15天,527分钟,3826词
所有单词全放倒,15天,959分钟,1595词
黄冠哼！背单词！,15天,323分钟,1135词
叽下嗨,14天,373分钟,869词
朴志晟的香手,14天,731分钟,811词
淡奶油猪,13天,478分钟,517词
小豆英,12天,763分钟,413词
罗马音,12天,398分钟,2421词
纸除纵无选,22天,796分钟,827词
藤用小崽,22天,452分钟,612词
礼孝廉,21天,580分钟,636词
郑成灿成不成,21天,813分钟,2722词
道英你快回来TT,20天,327分钟,1527词
李泰容,19天,663分钟,1173词
js背单词乐,18天,466分钟,1258词
得能勇志,16天,415分钟,2995词
锦零uu,0天,7分钟,9词
鲫鱼饼大王,0天,0分钟,0词
齐昀,0天,0分钟,0词
你爱吃年糕火锅吗,7天,387分钟,664词
娜劫命中有我,7天,217分钟,588词
我的小猪去哪了,5天,131分钟,197词
等一只提前预约的军犬,5天,154分钟,462词
脚蹼大王来了,5天,174分钟,319词
-W-,4天,138分钟,157词
罗溦背,4天,619分钟,1381词
藤永咲哉,4天,272分钟,152词
kurii🌰,3天,126分钟,1148词
淡奶油猪,3天,59分钟,115词
金栽禧欢背词,3天,88分钟,80词
得能拉面店,2天,100分钟,116词
郑在学,2天,828分钟,70词
黑影小弟,2天,36分钟,40词
oso学好英语😋,1天,163分钟,88词
tennie,1天,47分钟,63词
一粒七姓金的我来了,1天,19分钟,20词
前田陆喜欢英语,1天,11分钟,35词
我渽背单词了,1天,14分钟,20词
李帝努力学习,1天,27分钟,82词
chenllle,0天,0分钟,0词
fullsun,0天,0分钟,0词
glory,0天,0分钟,0词
lnnnnnnni7,0天,0分钟,0词
ososo,0天,4分钟,9词
uhkhk,0天,8分钟,25词
乐乐乐单词,0天,0分钟,0词
云柯,0天,0分钟,0词
你哥得能除纵无选！,0天,7分钟,3词
兔绒,0天,0分钟,0词
刘扬扬🐑,0天,0分钟,0词
前田天背单词,0天,1分钟,0词
小茗,0天,0分钟,0词
帕叽叽叽叽v,0天,23分钟,10词
广来背单词辽,0天,0分钟,0词
广濑辽是绿耳小狗,0天,4分钟,3词
我爱ku立方,0天,7分钟,5词
有否冷,0天,1分钟,0词
望望队,0天,19分钟,12词
朴志星星,0天,0分钟,0词
李楷灿丈夫,0天,0分钟,0词
李永钦爱学习,0天,1分钟,4词
条条大陆通riku,0天,0分钟,0词
罗溦背单词,0天,69分钟,6词
老叁的宝,0天,0分钟,0词
脸脸笔记本,0天,13分钟,80词
解读是一辈子的事,0天,2分钟,0词
郑在玹在干嘛,0天,0分钟,0词
